{
    "Node 4": [
        -0.007180708308999536,
        0.005904583421924183
    ],
    "Node 3": [
        -0.008321855090537695,
        0.0004116430950293422
    ],
    "Node 5": [
        -0.005500811378894037,
        5.8507822062345456e-05
    ],
    "Node 500": [
        -0.006413495810511773,
        0.0008756073766770893
    ],
    "Node 2": [
        -0.004907888401277923,
        0.006239279924231279
    ],
    "Node 6": [
        -0.004221695618129564,
        -0.0014039472213662999
    ],
    "Node 7": [
        -0.0042798512612669815,
        0.009740875466329148
    ],
    "Node 8": [
        -0.00384754271767334,
        0.0022344036780762924
    ],
    "Node 9": [
        0,
        0
    ],
    "Node 10": [
        0,
        0
    ]
}